image_file,content_ocr
../images\71HDFYlrWXL.jpg,"SS

HARI BAD

———

ee

SMOKED RED

PAPRIKA

"
../images\81hcr4ufWLS.jpg,
../images\71lghP3ZG3L.jpg,"CBnera

Irener

PURE CURCUMIN
EXTRACT

HERBAL DIETARY SUPPLEMENT

NET WT: 5.5 oz (100 g)
"
../images\81QQi9+VdZL.jpg,"eau Grofmutter.

aed

DEFTIGER |

Unser Versprechen | LINSENTOPF
Precidteeeen | mit Speck

Gemiise und Krautern*®

we Ohne geschmacks-
verstarkende Zusatzstoffe

J Ohne Farbstoffe

¢ oun
< 8921)
8213 kcal

11%

\ pro.100,ml
Pp: wimkeal.
FP
"
../images\71igmVE5pyL.jpg,"WEIGHT: 0.55KG

, REFERENCE
COMPARISON
CEREAL
37(cm)
14.5(inch)
; Cellphone 9.7” Tablet
I ! LT 6.7x13.8em 16.9x24em
30(cm) 11.8(inch) A4 MAGAZINE Tablet
21x29.7cm 24.2x33.9cm
15(cm)
5.9(inch)

13” Laptop Office Folder
21.5x30.5cm 23.5x31.5cm

"
../images\71npFYvL9TL.jpg,"Trying for
Ppaby

with exact recommended level of

400,,FOLIC ACID
WITH IRON & VITAMIN D

Supports normal fertility
& reproduction (zinc)

4 WEEKS SUPPLY
28 ONE-A-DAY
MINI PILLS

"
../images\816KT5cMfeL.jpg,"with end-to-end
plug, connect
up to 9 sets

29V Low voltage adapter
(Safe for human body) » |

N
/ 73 Lowve *,
; G) E DECOR
7 5 STR
No. AC
; 0101510E0 FOR INDOOR
1 a

38 00 days max) instalation and use onlyFor
— sate a

heat and possible damage,use only decoraive fam achssoit
‘ i sie ers ets 0 ee

\ shock do not emp fo replace lamps or modty sling
4

i
XJ a 5 y NOTE: If the UL laser label
""Bn _-? Each label code is unique with is not attached, it cannot

TTT official certification be certified as UL.
"
../images\815e8Yxr1nS.jpg,"PURITY

QUALITY, INGREDIENTS >”.

& SOURCE

CONSISTENCY

THE SAME GREAT TASTE
EACH & EVERY TIME

QUALITY

MOST DIRECT SUPPLY

SMOKED RED

PAPRIKA

CHAIN IN THE INDUSTRY

"
../images\81PV8C4ZExS.jpg,"‘ USE IN SOUPS, LENTILS,
y / RICE AND MEAT DISHES

Rrcicen Soren

J vave.cucenandrish =6| «— AARIBAD

. % \} “€
q )
ame
=

SMOKED RED |

60g) \Z

"
../images\71kYjxIO5OL.jpg,"200
grams